[{"model": "blog.category", "pk": 1, "fields": {"name": "abroad", "slug": "abroad"}}, {"model": "blog.category", "pk": 2, "fields": {"name": "domestic", "slug": "domestic"}}, {"model": "blog.blog", "pk": 1, "fields": {"title": "first test blog", "image_one": "images/2023/1/24/9aef510e-96ba-4f01-95ee-fd1e0a2c98f3.png", "image_two": "images/2023/1/24/0d0b5083-e4e4-4f92-915c-9277a00719bf.png", "image_three": "", "image_four": "", "image_five": "", "description": "<p><strong>This is a first description attempt</strong></p>\r\n\r\n<p>&nbsp;</p>\r\n\r\n<p>Lorem ipsum dolor sit, amet consectetur adipisicing elit. Eveniet hic alias unde, veniam praesentium facilis exercitationem nostrum, rem ducimus possimus nesciunt suscipit sed. Labore, qui natus. Tempore eum voluptates maiores obcaecati id dolore. Eligendi minima illum quisquam necessitatibus veniam vero accusamus hic ipsam sunt soluta quod repellat tempora, rerum ipsum! Tempora, fugiat eveniet nihil ipsam itaque fuga maxime nisi recusandae laudantium eius pariatur quae, magnam accusantium corporis! Nisi dicta vel porro voluptatum quibusdam ducimus repudiandae, adipisci quo consectetur. Iure illo consectetur excepturi assumenda natus, ratione aliquam repudiandae ut ipsum, quod voluptatum temporibus reiciendis sequi blanditiis soluta. Velit, suscipit voluptate eaque et quia beatae aut distinctio cupiditate officia ipsa aliquam nam tenetur quisquam illum incidunt! Neque esse sint labore soluta consequuntur maiores vel, ut quo rem beatae repellat minima suscipit vero earum quae quam sunt exercitationem laborum blanditiis ratione porro unde odit impedit delectus! Architecto aut recusandae officiis dolorem atque dicta aspernatur tenetur voluptate totam soluta eos cum libero velit nostrum assumenda, fugiat exercitationem odit eveniet quibusdam beatae ea dolor. Laudantium cumque porro mollitia commodi aliquid delectus numquam necessitatibus fugiat, exercitationem enim dolorum autem quos dolorem repudiandae est hic velit sunt! Quod qui facere incidunt nemo soluta distinctio rem, ducimus optio, iusto eveniet, et voluptatum beatae cupiditate dolor? Voluptatem veritatis aliquid dolore consequatur. Commodi, eos quaerat deleniti iure quis, reiciendis enim minima nemo veniam consectetur modi sapiente optio placeat corrupti velit doloremque, ratione corporis cupiditate consequuntur rem ex similique! Vero officiis iusto a suscipit dignissimos in aut dicta earum, magni aspernatur fugit. Laboriosam dicta ad asperiores impedit quis nobis ipsum? Nobis omnis nihil quasi non, optio provident odio hic magnam, ipsam aperiam veritatis qui temporibus dolores facere similique consequatur, perferendis esse! Aliquid iure voluptate ducimus, doloribus iusto error voluptatem debitis perferendis laborum et! Totam aut quasi fuga excepturi impedit, distinctio eligendi iste eum eaque recusandae labore ratione rem aperiam nisi repudiandae dolorem modi voluptatem debitis consequuntur incidunt voluptate aliquid. Voluptatum, amet expedita. Vero tenetur ipsum veritatis nemo itaque ea, corporis consectetur ut quaerat corrupti recusandae asperiores error optio doloremque quod. Rerum molestiae ducimus et facere similique quod maxime consequatur excepturi, placeat cupiditate error voluptatem sint voluptatum laboriosam non est aperiam iste ipsam. Aspernatur aut reiciendis eius cupiditate, quaerat fugit accusantium illo, laboriosam animi doloremque rerum necessitatibus totam expedita eos aliquid. Quasi odio, eaque obcaecati fugiat quae dignissimos aspernatur labore ut quibusdam in blanditiis! Perferendis libero consequuntur qui eius iste sint quasi non animi quas odit cum ab, nisi asperiores officiis reprehenderit distinctio, molestiae adipisci omnis atque eos quam! Quia quidem veritatis consectetur aliquam mollitia vero assumenda dolores! Inventore impedit, perspiciatis architecto rerum, quae excepturi facere, sint numquam minima sed doloribus eligendi laboriosam maiores? Tenetur, quo, totam in officiis ea accusantium laborum odit magnam facere asperiores maiores saepe deserunt blanditiis necessitatibus exercitationem dolore laudantium, sed quia molestiae repudiandae provident veritatis doloribus eligendi! Dolores doloribus, consequatur, vitae distinctio molestias similique excepturi doloremque, quidem adipisci cumque iusto ullam ipsum nihil! Similique corporis, quos sapiente obcaecati provident nobis, iure asperiores vero velit recusandae, adipisci quaerat.</p>\r\n\r\n<p>&nbsp;</p>", "is_active": true, "slug": "first-test-blog", "categories": 1}}, {"model": "blog.blog", "pk": 2, "fields": {"title": "Öğrenci indirimiyle dünyayı avantajlı şekilde keşfedin!", "image_one": "images/2023/1/28/566362fb-6259-430d-bd25-47ad49fde051.png", "image_two": "images/2023/1/28/199aaa6e-3003-4b2a-830b-c84d25762123.png", "image_three": "", "image_four": "", "image_five": "", "description": "<div style=\"margin-left:0; margin-right:0\"><tt>&Ouml;ğrencilerimizin her anlarında yanlarındayız. Yeni keşiflere, sevdiklerinize ve okulunuza hızlı ve g&uuml;venli bir şekilde ulaşın diye, T&uuml;rk Hava Yolları ayrıcalıklarını ihtiya&ccedil;larınıza g&ouml;re &ouml;zelleştirdik. Miles&amp;Smiles &uuml;yesi olarak eşsiz fırsatlar sunan &ouml;ğrenci u&ccedil;ak bileti avantajlarıyla keyifli bir yolculuğun tadını &ccedil;ıkarıp, keşfetmenin ve &ouml;ğrenmenin sınırlarını genişletebilirsiniz. Online kaydınızı ger&ccedil;ekleştirin ve hem yurt i&ccedil;i hem de yurt dışı u&ccedil;uşlarında fırsatları yakalayın!</tt></div>", "is_active": false, "slug": "ogrenci-indirimiyle-dunyay-avantajl-sekilde-kesfedin", "categories": 2}}, {"model": "blog.blog", "pk": 3, "fields": {"title": "alll", "image_one": "images/2023/1/28/3cd533e3-c30a-4985-af7c-d6c055a3875f.png", "image_two": "images/2023/1/28/4eafe081-2074-42e7-a86b-6c0c16468a56.png", "image_three": "", "image_four": "", "image_five": "", "description": "<p>uhısıfhekufhakjfhadfhıuadvhbakdjvnslkvjnsdjvnjsdvnlsdvbsjdnvkjdsbusdbfjdskbfkjsbdvhsbdjkhvbsdhvbjkshbkd bsdfsjbfvksjdv sdvjhsdvbjshdvc bdjsbjhdbfcm dfcjhsdbfjhsdbusfbkjdb uhısıfhekufhakjfhadfhıuadvhbakdjvnslkvjnsdjvnjsdvnlsdvbsjdnvkjdsbusdbfjdskbfkjsbdvhsbdjkhvbsdhvbjkshbkd bsdfsjbfvksjdv sdvjhsdvbjshdvc bdjsbjhdbfcm dfcjhsdbfjhsdbusfbkjdb agjdhagbfjksbfjkauhısıfhekufhakjfhadfhıuadvhbakdjvnslkvjnsdjvnjsdvnlsdvbsjdnvkjdsbusdbfjdskbfkjsbdvhsbdjkhvbsdhvbjkshbkd bsdfsjbfvksjdv sdvjhsdvbjshdvc bdjsbjhdbfcm dfcjhsdbfjhsdbusfbkjdb agjdhagbfjksbfjkaagjdhagbfjksbfjkauhısıfhekufhakjfhadfhıuadvhbakdjvnslkvjnsdjvnjsdvnlsdvbsjdnvkjdsbusdbfjdskbfkjsbdvhsbdjkhvbsdhvbjkshbkd bsdfsjbfvksjdv sdvjhsdvbjshdvc bdjsbjhdbfcm dfcjhsdbfjhsdbusfbkjdb agjdhagbfjksbfjkauhısıfhekufhakjfhadfhıuadvhbakdjvnslkvjnsdjvnjsdvnlsdvbsjdnvkjdsbusdbfjdskbfkjsbdvhsbdjkhvbsdhvbjkshbkd bsdfsjbfvksjdv sdvjhsdvbjshdvc bdjsbjhdbfcm dfcjhsdbfjhsdbusfbkjdb agjdhagbfjksbfjkauhısıfhekufhakjfhadfhıuadvhbakdjvnslkvjnsdjvnjsdvnlsdvbsjdnvkjdsbusdbfjdskbfkjsbdvhsbdjkhvbsdhvbjkshbkd bsdfsjbfvksjdv sdvjhsdvbjshdvc bdjsbjhdbfcm dfcjhsdbfjhsdbusfbkjdb agjdhagbfjksbfjka</p>", "is_active": false, "slug": "alll", "categories": 2}}, {"model": "blog.blog", "pk": 4, "fields": {"title": "alsşdlsşf", "image_one": "", "image_two": "", "image_three": "", "image_four": "", "image_five": "", "description": "<p>gaskgnswjgnkwbwberh</p>\r\n\r\n<p>erhkjerngjenrıjbejbmekbetb</p>\r\n\r\n<p>ethrtjhnırjbnırjtnbtrbgernbıjhrıbjeb</p>\r\n\r\n<p>ebetırıjbntenbkjebe</p>\r\n\r\n<p>bejkbnıtjtkebmjkrtnbkjlteml</p>", "is_active": false, "slug": "alssdlssf", "categories": 1}}, {"model": "blog.blog", "pk": 5, "fields": {"title": "DENEME", "image_one": "images/2023/2/3/fdfc80e3-f4e7-4a9a-a646-cfe21cd8e556.jpg", "image_two": "", "image_three": "", "image_four": "", "image_five": "", "description": "<p>s of Lorem Ipsum.</p>\r\n\r\n<h2>Why do we use it?</h2>\r\n\r\n<p>It is a long established fact that a reader will be distracted by the readable content of a page when looking at its layout. The point of using Lorem Ipsum is that it has a more-or-less normal distribution of letters, as opposed to using &#39;Content here, content here&#39;, making it look like readable English. Many desktop publishing packages and web page editors now use Lorem Ipsum as their default model text, and a search for &#39;lorem ipsum&#39; will uncover many web sites still in their infancy. Various versions have evolved over the years, sometimes by accident, sometimes on purpose (injected humour and the like).</p>\r\n\r\n<p>&nbsp;</p>\r\n\r\n<h2>Where does it come from?</h2>\r\n\r\n<p>Contrary to popular belief, Lorem Ipsum is not simply random text. It has roots in a piece of classical Latin literature from 45 BC, making it over 2000 years old. Richard McClintock, a Latin professor at Hampden-Sydney College in Virginia, looked up one of the more obscure Latin words, consectetur, from a Lorem Ipsum passage, and going through the cites of the word in classical literature, discovered the undoubtable source. Lorem Ipsum comes from sections 1.10.32 and 1.10.33 of &quot;de Finibus Bonorum et Malorum&quot; (The Extremes of Good and Evil) by Cicero, written in 45 BC. This book is a treatise on the theory of ethics, very popular during the Renaissance. The first line of Lorem Ipsum, &quot;Lorem ipsum dolor sit amet..&quot;, comes from a line in section 1.10.32.</p>\r\n\r\n<p>The standard chunk of Lorem Ipsum used since the 1500s is reproduced below for those interested. Sections 1.10.32 and 1.10.33 from &quot;de Finibus Bonorum et Malorum&quot; by Cicero are also reproduced in their exact original form, accompanied by English versions from the 1914 translation by H. Rackham.</p>\r\n\r\n<h2>Where can I get some?</h2>\r\n\r\n<p>There are many variations of passages of Lorem Ipsum available, but the majority have suffered alteration in some form, by injected humour, or randomised words which don&#39;t look even slightly believable. If you are going to use a passage of Lorem Ipsum, you need to be sure there isn&#39;t anything embarrassing hidden in the middle of text. All the Lorem Ipsum generators on the Internet tend to repeat predefined chunks as necessary, making this the first true generator on the Internet. It uses a dictionary of over 200 Latin words, combined with a handful of model sentence structures, to generate Lorem Ipsum which looks reasonable. The generated Lorem Ipsum is therefore always free from repetitio</p>", "is_active": true, "slug": "deneme", "categories": 2}}, {"model": "blog.blog", "pk": 6, "fields": {"title": "DE", "image_one": "images/2023/2/3/e99944e9-97a8-47bf-9fa1-7e434306bf01.jpg", "image_two": "", "image_three": "", "image_four": "", "image_five": "", "description": "<p>s of Lorem Ipsum.</p>\r\n\r\n<h2>Why do we use it?</h2>\r\n\r\n<p>It is a long established fact that a reader will be distracted by the readable content of a page when looking at its layout. The point of using Lorem Ipsum is that it has a more-or-less normal distribution of letters, as opposed to using &#39;Content here, content here&#39;, making it look like readable English. Many desktop publishing packages and web page editors now use Lorem Ipsum as their default model text, and a search for &#39;lorem ipsum&#39; will uncover many web sites still in their infancy. Various versions have evolved over the years, sometimes by accident, sometimes on purpose (injected humour and the like).</p>\r\n\r\n<p>&nbsp;</p>\r\n\r\n<h2>Where does it come from?</h2>\r\n\r\n<p>Contrary to popular belief, Lorem Ipsum is not simply random text. It has roots in a piece of classical Latin literature from 45 BC, making it over 2000 years old. Richard McClintock, a Latin professor at Hampden-Sydney College in Virginia, looked up one of the more obscure Latin words, consectetur, from a Lorem Ipsum passage, and going through the cites of the word in classical literature, discovered the undoubtable source. Lorem Ipsum comes from sections 1.10.32 and 1.10.33 of &quot;de Finibus Bonorum et Malorum&quot; (The Extremes of Good and Evil) by Cicero, written in 45 BC. This book is a treatise on the theory of ethics, very popular during the Renaissance. The first line of Lorem Ipsum, &quot;Lorem ipsum dolor sit amet..&quot;, comes from a line in section 1.10.32.</p>\r\n\r\n<p>The standard chunk of Lorem Ipsum used since the 1500s is reproduced below for those interested. Sections 1.10.32 and 1.10.33 from &quot;de Finibus Bonorum et Malorum&quot; by Cicero are also reproduced in their exact original form, accompanied by English versions from the 1914 translation by H. Rackham.</p>\r\n\r\n<h2>Where can I get some?</h2>\r\n\r\n<p>There are many variations of passages of Lorem Ipsum available, but the majority have suffered alteration in some form, by injected humour, or randomised words which don&#39;t look even slightly believable. If you are going to use a passage of Lorem Ipsum, you need to be sure there isn&#39;t anything embarrassing hidden in the middle of text. All the Lorem Ipsum generators on the Internet tend to repeat predefined chunks as necessary, making this the first true generator on the Internet. It uses a dictionary of over 200 Latin words, combined with a handful of model sentence structures, to generate Lorem Ipsum which looks reasonable. The generated Lorem Ipsum is therefore always free from repetitio</p>", "is_active": true, "slug": "de", "categories": 2}}, {"model": "blog.blog", "pk": 7, "fields": {"title": "den", "image_one": "images/2023/2/3/cf1e0b12-694f-455f-b6e5-8889a9c436c5.jpg", "image_two": "", "image_three": "", "image_four": "", "image_five": "", "description": "<p>&nbsp;</p>\r\n\r\n<h2>Why do we use it?</h2>\r\n\r\n<p>It is a long established fact that a reader will be distracted by the readable content of a page when looking at its layout. The point of using Lorem Ipsum is that it has a more-or-less normal distribution of letters, as opposed to using &#39;Content here, content here&#39;, making it look like readable English. Many desktop publishing packages and web page editors now use Lorem Ipsum as their default model text, and a search for &#39;lorem ipsum&#39; will uncover many web sites still in their infancy. Various versions have evolved over the years, sometimes by accident, sometimes on purpose (injected humour and the like).</p>\r\n\r\n<p>&nbsp;</p>\r\n\r\n<h2>Where does it come from?</h2>\r\n\r\n<p>Contrary to popular belief, Lorem Ipsum is not simply random text. It has roots in a piece of classical Latin literature from 45 BC, making it over 2000 years old. Richard McClintock, a Latin professor at Hampden-Sydney College in Virginia, looked up one of the more obscure Latin words, consectetur, from a Lorem Ipsum passage, and going through the cites of the word in classical literature, discovered the undoubtable source. Lorem Ipsum comes from sections 1.10.32 and 1.10.33 of &quot;de Finibus Bonorum et Malorum&quot; (The Extremes of Good and Evil) by Cicero, written in 45 BC. This book is a treatise on the theory of ethics, very popular during the Renaissance. The first line of Lorem Ipsum, &quot;Lorem ipsum dolor sit amet..&quot;, comes from a line in section 1.10.32.</p>\r\n\r\n<p>The standard chunk of Lorem Ipsum used since the 1500s is reproduced below for those interested. Sections 1.10.32 and 1.10.33 from &quot;de Finibus Bonorum et Malorum&quot; by Cicero are also reproduced in their exact original form, accompanied by English versions from the 1914 translation by H. Rackham.</p>\r\n\r\n<h2>Where can I get some?</h2>\r\n\r\n<p>There are many variations of passages of Lorem Ipsum available, but the majority have suffered alteration in some form, by injected humour, or randomised words which don&#39;t look even slightly believable. If you are going to use a passage of Lorem Ipsum, you need to be sure there isn&#39;t anything embarrassing hidden in the middle of text. All the Lorem Ipsum generators on the Internet tend to repeat predefined chunks as necessary, making this the first true generator on the Internet. It uses a dictionary of over 200 Latin words, combined with a handful of model sentence structures, to generate Lorem Ipsum which looks reasonable. The generated Lorem Ipsum is therefore always free from repetitio</p>", "is_active": true, "slug": "den", "categories": 2}}, {"model": "blog.blog", "pk": 8, "fields": {"title": "aaaaaaa", "image_one": "images/2023/2/4/aad4c732-c6a2-4f97-90e7-9b47983ea28f.jpg", "image_two": "", "image_three": "", "image_four": "", "image_five": "", "description": "<h2><img alt=\"\" src=\"https://www.freepnglogos.com/uploads/google-logo-png/google-logo-png-suite-everything-you-need-know-about-google-newest-0.png\" style=\"border-style:solid; border-width:1px; float:left; height:100px; width:100px\" />Where does it come from?</h2>\r\n\r\n<p><span style=\"font-size:20px\">Contrary to popular belief, Lorem Ipsum is <a href=\"http://google.com\">not simply random text. It has roots in a piece of classical Latin l</a>iterature from 45 BC, making it over 2000 years old. Richard McClintock, a Latin professor at Hampden-Sydney College in Virginia, looked up one of the more obscure Latin words, consectetur, from a Lorem Ipsum passage, and going through the cites of the word in classical literature, discovered the undoubtable source. Lorem Ipsum comes from sections 1.10.32 and 1.10.33 of &quot;de Finibus Bonorum et Malorum&quot; (The Extremes of Good and Evil) by Cicero, written in 45 BC. This book is a treatise on the theory of ethics, very popular during the Renaissance. The first line of Lorem Ipsum, &quot;Lorem ipsum dolor sit amet..&quot;, comes from a line in section 1.10.32.</span></p>\r\n\r\n<p><span style=\"font-size:20px\">T<span style=\"font-family:Comic Sans MS,cursive\">he standard chunk of Lorem Ipsum used since the 1500s is reproduced below for those interested. Sections 1.10.32 and 1.10.33 from &quot;de Finibus Bonorum et Malorum&quot; by Cicero are also reproduced in their exact original form, accompanied by English versions from the 1914 translation by H. Rackham.</span></span></p>\r\n\r\n<h2>Where can I get some?</h2>\r\n\r\n<p>There are many variations of passages of Lorem Ipsum available, but the majority have suffered alteration in some form, by injected humour, or randomised words which don&#39;t look even slightly believable. If you are going to use a passage of Lorem Ipsum, you need to be sure there isn&#39;t anything embarrassing hidden in the middle of text. All the Lorem Ipsum generators on the Internet tend to repeat predefined chunks as necessary, making this the first true generator on the Internet. It uses a dictionary of over 200 Latin words, combined with a handful of model sentence structures, to generate Lorem Ipsum which looks reasonable. The generated Lorem Ipsum is therefore always free from repetitio</p>", "is_active": true, "slug": "aaaaaaa", "categories": 2}}, {"model": "auth.group", "fields": {"name": "comment_admin", "permissions": [["delete_comment", "comment", "comment"], ["delete_flagged_comment", "comment", "comment"]]}}, {"model": "auth.group", "fields": {"name": "comment_moderator", "permissions": [["delete_flagged_comment", "comment", "comment"]]}}, {"model": "auth.group", "fields": {"name": "moderator", "permissions": [["add_blog", "blog", "blog"], ["change_blog", "blog", "blog"], ["delete_blog", "blog", "blog"], ["view_blog", "blog", "blog"], ["add_blockeduser", "comment", "blockeduser"], ["change_blockeduser", "comment", "blockeduser"], ["delete_blockeduser", "comment", "blockeduser"], ["view_blockeduser", "comment", "blockeduser"], ["delete_comment", "comment", "comment"], ["delete_flagged_comment", "comment", "comment"], ["view_comment", "comment", "comment"]]}}, {"model": "auth.user", "fields": {"password": "pbkdf2_sha256$390000$wyQn3eYKxalT83cXaO6pH3$Gm8BzF80h9rKT6ajS0YzEBk+80OMxf0/i/rQj02tGoA=", "last_login": "2023-02-18T10:35:01.528Z", "is_superuser": true, "username": "admin", "first_name": "", "last_name": "", "email": "", "is_staff": true, "is_active": true, "date_joined": "2023-01-24T21:26:52.520Z", "groups": [], "user_permissions": []}}, {"model": "auth.user", "fields": {"password": "pbkdf2_sha256$320000$L2NBiTWcYnT7rgISdxEzGn$b0nioxUSihj8J/Blf9gkNp0u3y/UNu4dKuVyYbgD2E0=", "last_login": "2023-02-01T13:06:59Z", "is_superuser": true, "username": "emre", "first_name": "Emre", "last_name": "Test", "email": "example@mail.com", "is_staff": true, "is_active": true, "date_joined": "2023-01-24T23:32:21Z", "groups": [], "user_permissions": []}}, {"model": "auth.user", "fields": {"password": "pbkdf2_sha256$320000$ThUA6Zsq3xsLedFY6507rf$XDfWUp+SU28x1RvHkIwdaShzKJwB3KbNfYiHAzRdf4M=", "last_login": "2023-01-25T11:25:50.420Z", "is_superuser": false, "username": "test deneme", "first_name": "test", "last_name": "deneme", "email": "test@mail.com", "is_staff": false, "is_active": true, "date_joined": "2023-01-25T11:22:22.789Z", "groups": [], "user_permissions": []}}, {"model": "auth.user", "fields": {"password": "pbkdf2_sha256$320000$4c83tPTh7JeTQhGgJF4QmB$eYeXMq7qeZSjvtxMd1suYpAxJI7zsBvaeToHT2JvkAQ=", "last_login": "2023-01-28T16:31:49.160Z", "is_superuser": false, "username": "mr. lucky", "first_name": "Ali Kerem", "last_name": "ERHAN", "email": "alikeremerhan2003@gmail.com", "is_staff": false, "is_active": true, "date_joined": "2023-01-28T16:31:22.620Z", "groups": [], "user_permissions": []}}, {"model": "auth.user", "fields": {"password": "pbkdf2_sha256$390000$4TwntABxPhpyM7l5c2C1NB$Q9lDf6blpO/+XrEyJcgkwkmSNOUzakRu2GFtwuBuQRg=", "last_login": null, "is_superuser": false, "username": "Mr. lucky", "first_name": "ali kerem", "last_name": "erhan", "email": "alikeremerhan@hotmail.com", "is_staff": false, "is_active": true, "date_joined": "2023-01-30T15:47:50.614Z", "groups": [], "user_permissions": []}}, {"model": "auth.user", "fields": {"password": "pbkdf2_sha256$390000$ZU2KKzlFz6Jn7Qd3cTrhq3$rs4wEX5Q5MFtRvC06FtFzNZItCMKHOwZHYMZR5ObkHM=", "last_login": null, "is_superuser": false, "username": "adminn", "first_name": "ali kerem", "last_name": "erhan", "email": "hayal@gmail.com", "is_staff": false, "is_active": true, "date_joined": "2023-02-18T10:33:35.336Z", "groups": [], "user_permissions": []}}, {"model": "auth.user", "fields": {"password": "pbkdf2_sha256$390000$iWmGx3eytTPJ8jllziDdON$Rdpx1kL4kfcjImbGXhw3hPa/S6hPweaoFLBGZneANdY=", "last_login": null, "is_superuser": false, "username": "hayal", "first_name": "hayal", "last_name": "isleri", "email": "hayall@gmail.com", "is_staff": false, "is_active": true, "date_joined": "2023-02-18T10:34:25.338Z", "groups": [], "user_permissions": []}}, {"model": "sessions.session", "pk": "08108v3pjyiel6a1vvobogf5bzld31ir", "fields": {"session_data": ".eJxVjEEOwiAQRe_C2hCYgba6dN8zkIEZpGpoUtqV8e7apAvd_vfef6lA21rC1mQJE6uLsur0u0VKD6k74DvV26zTXNdlinpX9EGbHmeW5_Vw_w4KtfKto7MeIg4Y2XHGzF46SgJosyE4D8LWJ0g-et8b7E02zJzBgROmDkm9P_aaOHY:1pO3Mf:kQx0qQKfNYwAQdsyyN_yTIZKnknvFzVQZnvwNR8T0ic", "expire_date": "2023-02-17T21:12:57.361Z"}}, {"model": "sessions.session", "pk": "408nkys3xp3w0zq4v7i9rt8qnehrgc94", "fields": {"session_data": ".eJxVjMsOwiAQRf-FtSEwvMSl-34DGWAqVQNJaVfGf1eSLnR7zzn3xQLuWwl7pzUsmV2YZKffLWJ6UB0g37HeGk-tbusS-VD4QTufWqbn9XD_Dgr2MmorVDZKAlmpXZbamFkbiUiRjHfOWevmM2QQqKJLkr5uTMKDjwoUEHt_AMI4NwY:1pLoHq:9a87xS4SkKNQvLR8gv16GoYCIusle3zHKPpTQXC3xJI", "expire_date": "2023-02-11T16:42:42.978Z"}}, {"model": "sessions.session", "pk": "f7edcymy4ni5jr9kgt1mcjyqzz42sdzz", "fields": {"session_data": ".eJxVjDkOwjAQRe_iGlnePUNJnzNEM15wACVSlgpxd2QpBbT_vfffYqRjb-OxlXWcsrgKIy6_G1N6lrmD_KD5vsi0zPs6seyKPOkmhyWX1-10_w4aba3XofgavGKNgaGCD9Ghp-ywgoVICMlySqxyRgMc0WKqxjpDLoJWWny-3qQ3aA:1pNCpH:Rf8u-0UwW0yXfGZP8SJwXSIq0Lt67At-HpmjmdYvfNs", "expire_date": "2023-02-15T13:06:59.267Z"}}, {"model": "sessions.session", "pk": "fi7y1mctjjw19idxv086e49fj5dtmfsv", "fields": {"session_data": ".eJxVjMsOwiAQRf-FtSEwvMSl-34DGWAqVQNJaVfGf1eSLnR7zzn3xQLuWwl7pzUsmV2YZKffLWJ6UB0g37HeGk-tbusS-VD4QTufWqbn9XD_Dgr2MmorVDZKAlmpXZbamFkbiUiRjHfOWevmM2QQqKJLkr5uTMKDjwoUEHt_AMI4NwY:1pLo8G:mjTD8tmr4mSpbikcGJ8nvF5JXDpfq5qXMJ4Jx4Qpgbw", "expire_date": "2023-02-11T16:32:48.434Z"}}, {"model": "sessions.session", "pk": "fk9ahhqq39o8w9lhctxsf2natvgykjxu", "fields": {"session_data": ".eJxVjEEOwiAQRe_C2hCYgba6dN8zkIEZpGpoUtqV8e7apAvd_vfef6lA21rC1mQJE6uLsur0u0VKD6k74DvV26zTXNdlinpX9EGbHmeW5_Vw_w4KtfKto7MeIg4Y2XHGzF46SgJosyE4D8LWJ0g-et8b7E02zJzBgROmDkm9P_aaOHY:1pTKYX:op3ovZsp2v2T4IgnBQ_yD0vQhfRPx8rrPyzzXEq7veU", "expire_date": "2023-03-04T10:35:01.529Z"}}, {"model": "sessions.session", "pk": "ls678yjwev1mrn8has0p7vkftl48tcc8", "fields": {"session_data": ".eJxVjDsOwjAQBe_iGlns-itKes5grdc2DiBbipMq4u4QKQW0b2beJgKtSw3ryHOYkrgIEKffLRI_c9tBelC7d8m9LfMU5a7Igw556ym_rof7d1Bp1G_tARG80QhsFSrIWZWzjq4UNMZrawxpAi5OKYyYmAkSKse2EHgHXrw_sHk2_Q:1pNCne:79MO8npHeZb0CfBcvNZJCMXGWSkwSDqVYkt_-zVz-3o", "expire_date": "2023-02-15T13:05:18.036Z"}}, {"model": "sessions.session", "pk": "mcfgz9kgkb4s7mrj6gsxpzph303imbl8", "fields": {"session_data": ".eJxVjDsOwjAQBe_iGlnrbyJKes5grde7OIAcKU4qxN0hUgpo38y8l0q4rTVtnZc0FXVWVp1-t4z04LaDcsd2mzXNbV2mrHdFH7Tr61z4eTncv4OKvX5rYKEMmL1YRqHgAkkOQiazMc6DWCqlQCQwAztLLkQZ4kgEwVtxo3p_ACSMONM:1pKfAA:AweSwaIGy42vriLok8_3L67irABns42drDMwK2IczIo", "expire_date": "2023-02-08T12:46:02.804Z"}}, {"model": "sessions.session", "pk": "s0nzkz8z2iviq091ry6enxloend4nae4", "fields": {"session_data": ".eJxVjEEOwiAQRe_C2hCYgba6dN8zkIEZpGpoUtqV8e7apAvd_vfef6lA21rC1mQJE6uLsur0u0VKD6k74DvV26zTXNdlinpX9EGbHmeW5_Vw_w4KtfKto7MeIg4Y2XHGzF46SgJosyE4D8LWJ0g-et8b7E02zJzBgROmDkm9P_aaOHY:1pNbyC:mIPoau9NsVienH8hbEL8PeQwHWwNPT5mAR4W6PONQ_0", "expire_date": "2023-02-16T15:57:52.628Z"}}, {"model": "comment.comment", "pk": 1, "fields": {"user": ["emre"], "email": "example@mail.com", "is_active": true, "parent": null, "content_type": ["blog", "blog"], "object_id": 1, "content": "First Comment", "urlhash": "comment-jgxmpxxs", "posted": "2023-01-24T23:32:49.567Z", "edited": "2023-01-25T13:15:26.407Z"}}, {"model": "comment.comment", "pk": 2, "fields": {"user": ["admin"], "email": "", "is_active": true, "parent": null, "content_type": ["blog", "blog"], "object_id": 1, "content": "Another test comment", "urlhash": "comment-xfchewbh", "posted": "2023-01-24T23:38:46.843Z", "edited": "2023-01-25T10:53:02.272Z"}}, {"model": "comment.comment", "pk": 3, "fields": {"user": ["admin"], "email": "", "is_active": true, "parent": 2, "content_type": ["blog", "blog"], "object_id": 1, "content": "test reply to comment", "urlhash": "comment-xxvxmofg", "posted": "2023-01-24T23:39:06.506Z", "edited": "2023-01-25T11:23:32.855Z"}}, {"model": "comment.comment", "pk": 5, "fields": {"user": ["test deneme"], "email": "test@mail.com", "is_active": true, "parent": null, "content_type": ["blog", "blog"], "object_id": 1, "content": "Illegal comments", "urlhash": "comment-qylgomkk", "posted": "2023-01-25T11:24:42.444Z", "edited": "2023-01-25T11:24:42.445Z"}}, {"model": "comment.comment", "pk": 6, "fields": {"user": ["admin"], "email": "", "is_active": true, "parent": null, "content_type": ["blog", "blog"], "object_id": 1, "content": "Test comment", "urlhash": "comment-wrggchnw", "posted": "2023-01-25T12:10:26.712Z", "edited": "2023-01-25T12:10:26.713Z"}}, {"model": "comment.comment", "pk": 10, "fields": {"user": ["admin"], "email": "", "is_active": true, "parent": null, "content_type": ["blog", "blog"], "object_id": 1, "content": "hhgh", "urlhash": "comment-trvfggrx", "posted": "2023-02-03T21:20:51.934Z", "edited": "2023-02-03T21:20:51.935Z"}}, {"model": "comment.reaction", "pk": 1, "fields": {"comment": 1, "likes": 1, "dislikes": 0}}, {"model": "comment.reaction", "pk": 2, "fields": {"comment": 2, "likes": 0, "dislikes": 2}}, {"model": "comment.reaction", "pk": 3, "fields": {"comment": 3, "likes": 0, "dislikes": 0}}, {"model": "comment.reaction", "pk": 5, "fields": {"comment": 5, "likes": 0, "dislikes": 0}}, {"model": "comment.reaction", "pk": 6, "fields": {"comment": 6, "likes": 0, "dislikes": 0}}, {"model": "comment.reaction", "pk": 10, "fields": {"comment": 10, "likes": 0, "dislikes": 0}}, {"model": "comment.reactioninstance", "pk": 2, "fields": {"reaction": 1, "user": ["emre"], "reaction_type": 1, "date_reacted": "2023-01-24T23:33:02.957Z"}}, {"model": "comment.reactioninstance", "pk": 3, "fields": {"reaction": 2, "user": ["admin"], "reaction_type": 2, "date_reacted": "2023-01-24T23:38:50.094Z"}}, {"model": "comment.reactioninstance", "pk": 6, "fields": {"reaction": 2, "user": ["emre"], "reaction_type": 2, "date_reacted": "2023-01-25T10:05:34.383Z"}}, {"model": "comment.flag", "pk": 1, "fields": {"comment": 1, "count": 0, "state": 1, "moderator": null}}, {"model": "comment.flag", "pk": 2, "fields": {"comment": 2, "count": 0, "state": 1, "moderator": null}}, {"model": "comment.flag", "pk": 3, "fields": {"comment": 3, "count": 0, "state": 1, "moderator": null}}, {"model": "comment.flag", "pk": 5, "fields": {"comment": 5, "count": 0, "state": 1, "moderator": null}}, {"model": "comment.flag", "pk": 6, "fields": {"comment": 6, "count": 0, "state": 1, "moderator": null}}, {"model": "comment.flag", "pk": 10, "fields": {"comment": 10, "count": 0, "state": 1, "moderator": null}}, {"model": "comment.blockeduser", "pk": 1, "fields": {"user": ["test deneme"], "email": null, "blocked": true}}, {"model": "comment.blockeduserhistory", "pk": 1, "fields": {"blocked_user": 1, "blocker": ["admin"], "reason": "Illegal comments", "state": 1, "date": "2023-01-25T11:25:08.652Z"}}, {"model": "star_ratings.rating", "pk": 1, "fields": {"count": 3, "total": 11, "average": "3.667", "content_type": ["blog", "blog"], "object_id": 1}}, {"model": "star_ratings.rating", "pk": 2, "fields": {"count": 1, "total": 1, "average": "1.000", "content_type": ["blog", "blog"], "object_id": 2}}, {"model": "star_ratings.rating", "pk": 3, "fields": {"count": 1, "total": 2, "average": "2.000", "content_type": ["blog", "blog"], "object_id": 3}}, {"model": "star_ratings.rating", "pk": 4, "fields": {"count": 0, "total": 0, "average": "0.000", "content_type": ["blog", "blog"], "object_id": 4}}, {"model": "star_ratings.rating", "pk": 5, "fields": {"count": 0, "total": 0, "average": "0.000", "content_type": ["blog", "blog"], "object_id": 5}}, {"model": "star_ratings.rating", "pk": 6, "fields": {"count": 0, "total": 0, "average": "0.000", "content_type": ["blog", "blog"], "object_id": 6}}, {"model": "star_ratings.rating", "pk": 7, "fields": {"count": 0, "total": 0, "average": "0.000", "content_type": ["blog", "blog"], "object_id": 7}}, {"model": "star_ratings.rating", "pk": 8, "fields": {"count": 0, "total": 0, "average": "0.000", "content_type": ["blog", "blog"], "object_id": 8}}, {"model": "star_ratings.userrating", "pk": 1, "fields": {"created": "2023-01-25T12:05:24.111Z", "modified": "2023-02-03T21:20:43.720Z", "user": ["admin"], "ip": "127.0.0.1", "score": 5, "rating": 1}}, {"model": "star_ratings.userrating", "pk": 2, "fields": {"created": "2023-01-25T12:05:58.449Z", "modified": "2023-01-25T12:06:36.126Z", "user": ["emre"], "ip": "127.0.0.1", "score": 4, "rating": 1}}, {"model": "star_ratings.userrating", "pk": 3, "fields": {"created": "2023-01-25T21:47:52.325Z", "modified": "2023-01-28T16:50:10.322Z", "user": ["admin"], "ip": "127.0.0.1", "score": 1, "rating": 2}}, {"model": "star_ratings.userrating", "pk": 4, "fields": {"created": "2023-01-28T16:32:25.378Z", "modified": "2023-01-28T16:33:52.872Z", "user": ["mr. lucky"], "ip": "127.0.0.1", "score": 2, "rating": 1}}, {"model": "star_ratings.userrating", "pk": 5, "fields": {"created": "2023-01-28T17:26:16.364Z", "modified": "2023-01-28T17:26:20.834Z", "user": ["admin"], "ip": "127.0.0.1", "score": 2, "rating": 3}}, {"model": "admin.logentry", "pk": 1, "fields": {"action_time": "2023-01-24T21:27:12.398Z", "user": ["admin"], "content_type": ["blog", "category"], "object_id": "1", "object_repr": "abroad", "action_flag": 1, "change_message": "[{\"added\": {}}]"}}, {"model": "admin.logentry", "pk": 2, "fields": {"action_time": "2023-01-24T21:27:34.555Z", "user": ["admin"], "content_type": ["blog", "category"], "object_id": "2", "object_repr": "domestic", "action_flag": 1, "change_message": "[{\"added\": {}}]"}}, {"model": "admin.logentry", "pk": 3, "fields": {"action_time": "2023-01-24T21:28:53.255Z", "user": ["admin"], "content_type": ["blog", "blog"], "object_id": "1", "object_repr": "First Test Blog", "action_flag": 1, "change_message": "[{\"added\": {}}]"}}, {"model": "admin.logentry", "pk": 4, "fields": {"action_time": "2023-01-24T21:41:19.639Z", "user": ["admin"], "content_type": ["blog", "blog"], "object_id": "1", "object_repr": "First Test Blog", "action_flag": 2, "change_message": "[{\"changed\": {\"fields\": [\"Image one\", \"Image two\"]}}]"}}, {"model": "admin.logentry", "pk": 5, "fields": {"action_time": "2023-01-24T21:56:32.352Z", "user": ["admin"], "content_type": ["blog", "blog"], "object_id": "1", "object_repr": "First Test Blog", "action_flag": 2, "change_message": "[{\"changed\": {\"fields\": [\"Image one\", \"Image two\"]}}]"}}, {"model": "admin.logentry", "pk": 6, "fields": {"action_time": "2023-01-24T21:56:59.547Z", "user": ["admin"], "content_type": ["blog", "blog"], "object_id": "1", "object_repr": "First Test Blog", "action_flag": 2, "change_message": "[{\"changed\": {\"fields\": [\"Image two\"]}}]"}}, {"model": "admin.logentry", "pk": 7, "fields": {"action_time": "2023-01-24T22:16:13.217Z", "user": ["admin"], "content_type": ["blog", "category"], "object_id": "3", "object_repr": "deneme diyorum", "action_flag": 1, "change_message": "[{\"added\": {}}]"}}, {"model": "admin.logentry", "pk": 8, "fields": {"action_time": "2023-01-24T22:32:31.274Z", "user": ["admin"], "content_type": ["blog", "category"], "object_id": "3", "object_repr": "deneme diyorum", "action_flag": 3, "change_message": ""}}, {"model": "admin.logentry", "pk": 9, "fields": {"action_time": "2023-01-24T22:36:06.585Z", "user": ["admin"], "content_type": ["blog", "blog"], "object_id": "1", "object_repr": "first test blog", "action_flag": 2, "change_message": "[{\"changed\": {\"fields\": [\"Title\"]}}]"}}, {"model": "admin.logentry", "pk": 10, "fields": {"action_time": "2023-01-25T09:49:16.276Z", "user": ["admin"], "content_type": ["blog", "blog"], "object_id": "1", "object_repr": "first test blog", "action_flag": 2, "change_message": "[{\"changed\": {\"fields\": [\"Description\"]}}]"}}, {"model": "admin.logentry", "pk": 11, "fields": {"action_time": "2023-01-25T10:00:56.654Z", "user": ["admin"], "content_type": ["blog", "blog"], "object_id": "1", "object_repr": "first test blog", "action_flag": 2, "change_message": "[{\"changed\": {\"fields\": [\"Is active\"]}}]"}}, {"model": "admin.logentry", "pk": 12, "fields": {"action_time": "2023-01-25T10:01:06.276Z", "user": ["admin"], "content_type": ["blog", "blog"], "object_id": "1", "object_repr": "first test blog", "action_flag": 2, "change_message": "[{\"changed\": {\"fields\": [\"Is active\"]}}]"}}, {"model": "admin.logentry", "pk": 13, "fields": {"action_time": "2023-01-25T10:11:16.610Z", "user": ["admin"], "content_type": ["blog", "category"], "object_id": "4", "object_repr": "test 123", "action_flag": 1, "change_message": "[{\"added\": {}}]"}}, {"model": "admin.logentry", "pk": 14, "fields": {"action_time": "2023-01-25T10:12:01.657Z", "user": ["admin"], "content_type": ["blog", "category"], "object_id": "4", "object_repr": "test 123", "action_flag": 2, "change_message": "[]"}}, {"model": "admin.logentry", "pk": 15, "fields": {"action_time": "2023-01-25T10:14:08.806Z", "user": ["admin"], "content_type": ["blog", "category"], "object_id": "4", "object_repr": "test 123", "action_flag": 3, "change_message": ""}}, {"model": "admin.logentry", "pk": 16, "fields": {"action_time": "2023-01-25T10:36:32.401Z", "user": ["admin"], "content_type": ["comment", "comment"], "object_id": "3", "object_repr": "reply by admin: test reply to commen", "action_flag": 2, "change_message": "[{\"changed\": {\"fields\": [\"Is active\"]}}]"}}, {"model": "admin.logentry", "pk": 17, "fields": {"action_time": "2023-01-25T10:48:30.144Z", "user": ["admin"], "content_type": ["comment", "comment"], "object_id": "3", "object_repr": "reply by admin: test reply to commen", "action_flag": 2, "change_message": "[{\"changed\": {\"fields\": [\"Is active\"]}}]"}}, {"model": "admin.logentry", "pk": 18, "fields": {"action_time": "2023-01-25T10:48:30.148Z", "user": ["admin"], "content_type": ["comment", "comment"], "object_id": "2", "object_repr": "comment by admin: Another test comment", "action_flag": 2, "change_message": "[{\"changed\": {\"fields\": [\"Is active\"]}}]"}}, {"model": "admin.logentry", "pk": 19, "fields": {"action_time": "2023-01-25T10:48:53.238Z", "user": ["admin"], "content_type": ["comment", "comment"], "object_id": "2", "object_repr": "comment by admin: Another test comment", "action_flag": 2, "change_message": "[{\"changed\": {\"fields\": [\"Is active\"]}}]"}}, {"model": "admin.logentry", "pk": 20, "fields": {"action_time": "2023-01-25T10:48:53.241Z", "user": ["admin"], "content_type": ["comment", "comment"], "object_id": "1", "object_repr": "comment by emre: First Comment", "action_flag": 2, "change_message": "[{\"changed\": {\"fields\": [\"Is active\"]}}]"}}, {"model": "admin.logentry", "pk": 21, "fields": {"action_time": "2023-01-25T10:52:48.529Z", "user": ["admin"], "content_type": ["comment", "comment"], "object_id": "2", "object_repr": "comment by admin: Another test comment", "action_flag": 2, "change_message": "[{\"changed\": {\"fields\": [\"Is active\"]}}]"}}, {"model": "admin.logentry", "pk": 22, "fields": {"action_time": "2023-01-25T10:53:02.270Z", "user": ["admin"], "content_type": ["comment", "comment"], "object_id": "3", "object_repr": "reply by admin: test reply to commen", "action_flag": 2, "change_message": "[{\"changed\": {\"fields\": [\"Is active\"]}}]"}}, {"model": "admin.logentry", "pk": 23, "fields": {"action_time": "2023-01-25T10:53:02.273Z", "user": ["admin"], "content_type": ["comment", "comment"], "object_id": "2", "object_repr": "comment by admin: Another test comment", "action_flag": 2, "change_message": "[{\"changed\": {\"fields\": [\"Is active\"]}}]"}}, {"model": "admin.logentry", "pk": 24, "fields": {"action_time": "2023-01-25T10:53:02.276Z", "user": ["admin"], "content_type": ["comment", "comment"], "object_id": "1", "object_repr": "comment by emre: First Comment", "action_flag": 2, "change_message": "[{\"changed\": {\"fields\": [\"Is active\"]}}]"}}, {"model": "admin.logentry", "pk": 25, "fields": {"action_time": "2023-01-25T11:23:32.857Z", "user": ["admin"], "content_type": ["comment", "comment"], "object_id": "3", "object_repr": "reply by admin: test reply to commen", "action_flag": 2, "change_message": "[{\"changed\": {\"fields\": [\"Is active\"]}}]"}}, {"model": "admin.logentry", "pk": 26, "fields": {"action_time": "2023-01-25T13:14:31.630Z", "user": ["admin"], "content_type": ["comment", "comment"], "object_id": "1", "object_repr": "comment by emre: First Comment", "action_flag": 2, "change_message": "[{\"changed\": {\"fields\": [\"Is active\"]}}]"}}, {"model": "admin.logentry", "pk": 27, "fields": {"action_time": "2023-01-25T13:15:26.409Z", "user": ["admin"], "content_type": ["comment", "comment"], "object_id": "1", "object_repr": "comment by emre: First Comment", "action_flag": 2, "change_message": "[{\"changed\": {\"fields\": [\"Is active\"]}}]"}}, {"model": "admin.logentry", "pk": 28, "fields": {"action_time": "2023-01-25T14:24:12.512Z", "user": ["admin"], "content_type": ["blog", "blog"], "object_id": "2", "object_repr": "Öğrenci indirimiyle dünyayı avantajlı şekilde keşfedin!", "action_flag": 1, "change_message": "[{\"added\": {}}]"}}, {"model": "admin.logentry", "pk": 29, "fields": {"action_time": "2023-01-25T14:28:53.987Z", "user": ["admin"], "content_type": ["blog", "blog"], "object_id": "2", "object_repr": "Öğrenci indirimiyle dünyayı avantajlı şekilde keşfedin!", "action_flag": 2, "change_message": "[{\"changed\": {\"fields\": [\"Description\"]}}]"}}, {"model": "admin.logentry", "pk": 30, "fields": {"action_time": "2023-01-25T14:29:27.697Z", "user": ["admin"], "content_type": ["blog", "blog"], "object_id": "2", "object_repr": "Öğrenci indirimiyle dünyayı avantajlı şekilde keşfedin!", "action_flag": 2, "change_message": "[{\"changed\": {\"fields\": [\"Description\"]}}]"}}, {"model": "admin.logentry", "pk": 31, "fields": {"action_time": "2023-01-25T21:48:46.251Z", "user": ["admin"], "content_type": ["blog", "blog"], "object_id": "2", "object_repr": "Öğrenci indirimiyle dünyayı avantajlı şekilde keşfedin!", "action_flag": 2, "change_message": "[{\"changed\": {\"fields\": [\"Categories\"]}}]"}}, {"model": "admin.logentry", "pk": 32, "fields": {"action_time": "2023-01-25T21:49:03.787Z", "user": ["admin"], "content_type": ["blog", "blog"], "object_id": "2", "object_repr": "Öğrenci indirimiyle dünyayı avantajlı şekilde keşfedin!", "action_flag": 2, "change_message": "[{\"changed\": {\"fields\": [\"Categories\"]}}]"}}, {"model": "admin.logentry", "pk": 33, "fields": {"action_time": "2023-01-25T21:51:00.182Z", "user": ["admin"], "content_type": ["blog", "category"], "object_id": "5", "object_repr": "uhjh", "action_flag": 1, "change_message": "[{\"added\": {}}]"}}, {"model": "admin.logentry", "pk": 34, "fields": {"action_time": "2023-01-25T21:51:19.333Z", "user": ["admin"], "content_type": ["blog", "category"], "object_id": "5", "object_repr": "uhjh", "action_flag": 3, "change_message": ""}}, {"model": "admin.logentry", "pk": 35, "fields": {"action_time": "2023-01-28T16:48:02.317Z", "user": ["admin"], "content_type": ["blog", "blog"], "object_id": "2", "object_repr": "Öğrenci indirimiyle dünyayı avantajlı şekilde keşfedin!", "action_flag": 2, "change_message": "[{\"changed\": {\"fields\": [\"Description\"]}}]"}}, {"model": "admin.logentry", "pk": 36, "fields": {"action_time": "2023-01-28T16:49:52.474Z", "user": ["admin"], "content_type": ["blog", "blog"], "object_id": "2", "object_repr": "Öğrenci indirimiyle dünyayı avantajlı şekilde keşfedin!", "action_flag": 2, "change_message": "[{\"changed\": {\"fields\": [\"Description\"]}}]"}}, {"model": "admin.logentry", "pk": 37, "fields": {"action_time": "2023-01-28T16:55:46.726Z", "user": ["admin"], "content_type": ["blog", "blog"], "object_id": "2", "object_repr": "Öğrenci indirimiyle dünyayı avantajlı şekilde keşfedin!", "action_flag": 2, "change_message": "[{\"changed\": {\"fields\": [\"Description\"]}}]"}}, {"model": "admin.logentry", "pk": 38, "fields": {"action_time": "2023-01-28T17:00:03.410Z", "user": ["admin"], "content_type": ["blog", "blog"], "object_id": "2", "object_repr": "Öğrenci indirimiyle dünyayı avantajlı şekilde keşfedin!", "action_flag": 2, "change_message": "[{\"changed\": {\"fields\": [\"Description\"]}}]"}}, {"model": "admin.logentry", "pk": 39, "fields": {"action_time": "2023-01-28T17:01:08.116Z", "user": ["admin"], "content_type": ["blog", "blog"], "object_id": "2", "object_repr": "Öğrenci indirimiyle dünyayı avantajlı şekilde keşfedin!", "action_flag": 2, "change_message": "[{\"changed\": {\"fields\": [\"Description\"]}}]"}}, {"model": "admin.logentry", "pk": 40, "fields": {"action_time": "2023-01-28T17:03:39.672Z", "user": ["admin"], "content_type": ["blog", "blog"], "object_id": "2", "object_repr": "Öğrenci indirimiyle dünyayı avantajlı şekilde keşfedin!", "action_flag": 2, "change_message": "[]"}}, {"model": "admin.logentry", "pk": 41, "fields": {"action_time": "2023-01-28T17:05:56.812Z", "user": ["admin"], "content_type": ["blog", "blog"], "object_id": "2", "object_repr": "Öğrenci indirimiyle dünyayı avantajlı şekilde keşfedin!", "action_flag": 2, "change_message": "[{\"changed\": {\"fields\": [\"Image one\", \"Image two\"]}}]"}}, {"model": "admin.logentry", "pk": 42, "fields": {"action_time": "2023-01-28T17:07:29.356Z", "user": ["admin"], "content_type": ["blog", "blog"], "object_id": "2", "object_repr": "Öğrenci indirimiyle dünyayı avantajlı şekilde keşfedin!", "action_flag": 2, "change_message": "[{\"changed\": {\"fields\": [\"Description\"]}}]"}}, {"model": "admin.logentry", "pk": 43, "fields": {"action_time": "2023-01-28T17:09:27.624Z", "user": ["admin"], "content_type": ["blog", "blog"], "object_id": "2", "object_repr": "Öğrenci indirimiyle dünyayı avantajlı şekilde keşfedin!", "action_flag": 2, "change_message": "[{\"changed\": {\"fields\": [\"Description\"]}}]"}}, {"model": "admin.logentry", "pk": 44, "fields": {"action_time": "2023-01-28T17:11:10.570Z", "user": ["admin"], "content_type": ["blog", "blog"], "object_id": "2", "object_repr": "Öğrenci indirimiyle dünyayı avantajlı şekilde keşfedin!", "action_flag": 2, "change_message": "[{\"changed\": {\"fields\": [\"Description\"]}}]"}}, {"model": "admin.logentry", "pk": 45, "fields": {"action_time": "2023-01-28T17:11:43.774Z", "user": ["admin"], "content_type": ["blog", "blog"], "object_id": "2", "object_repr": "Öğrenci indirimiyle dünyayı avantajlı şekilde keşfedin!", "action_flag": 2, "change_message": "[{\"changed\": {\"fields\": [\"Description\"]}}]"}}, {"model": "admin.logentry", "pk": 46, "fields": {"action_time": "2023-01-28T17:24:46.257Z", "user": ["admin"], "content_type": ["blog", "blog"], "object_id": "3", "object_repr": "alll", "action_flag": 1, "change_message": "[{\"added\": {}}]"}}, {"model": "admin.logentry", "pk": 47, "fields": {"action_time": "2023-01-28T17:24:57.282Z", "user": ["admin"], "content_type": ["blog", "blog"], "object_id": "3", "object_repr": "alll", "action_flag": 2, "change_message": "[{\"changed\": {\"fields\": [\"Is active\"]}}]"}}, {"model": "admin.logentry", "pk": 48, "fields": {"action_time": "2023-01-30T12:09:31.644Z", "user": ["admin"], "content_type": ["blog", "blog"], "object_id": "4", "object_repr": "alsşdlsşf", "action_flag": 1, "change_message": "[{\"added\": {}}]"}}, {"model": "admin.logentry", "pk": 49, "fields": {"action_time": "2023-01-30T12:09:34.523Z", "user": ["admin"], "content_type": ["blog", "blog"], "object_id": "4", "object_repr": "alsşdlsşf", "action_flag": 2, "change_message": "[{\"changed\": {\"fields\": [\"Is active\"]}}]"}}, {"model": "admin.logentry", "pk": 50, "fields": {"action_time": "2023-01-31T23:43:44.481Z", "user": ["admin"], "content_type": ["blog", "blog"], "object_id": "4", "object_repr": "alsşdlsşf", "action_flag": 2, "change_message": "[{\"changed\": {\"fields\": [\"Is active\"]}}]"}}, {"model": "admin.logentry", "pk": 51, "fields": {"action_time": "2023-01-31T23:43:44.484Z", "user": ["admin"], "content_type": ["blog", "blog"], "object_id": "3", "object_repr": "alll", "action_flag": 2, "change_message": "[{\"changed\": {\"fields\": [\"Is active\"]}}]"}}, {"model": "admin.logentry", "pk": 52, "fields": {"action_time": "2023-01-31T23:43:44.487Z", "user": ["admin"], "content_type": ["blog", "blog"], "object_id": "2", "object_repr": "Öğrenci indirimiyle dünyayı avantajlı şekilde keşfedin!", "action_flag": 2, "change_message": "[{\"changed\": {\"fields\": [\"Is active\"]}}]"}}, {"model": "admin.logentry", "pk": 53, "fields": {"action_time": "2023-01-31T23:43:44.490Z", "user": ["admin"], "content_type": ["blog", "blog"], "object_id": "1", "object_repr": "first test blog", "action_flag": 2, "change_message": "[{\"changed\": {\"fields\": [\"Is active\"]}}]"}}, {"model": "admin.logentry", "pk": 54, "fields": {"action_time": "2023-01-31T23:45:46.982Z", "user": ["admin"], "content_type": ["blog", "blog"], "object_id": "4", "object_repr": "alsşdlsşf", "action_flag": 2, "change_message": "[{\"changed\": {\"fields\": [\"Is active\"]}}]"}}, {"model": "admin.logentry", "pk": 55, "fields": {"action_time": "2023-01-31T23:46:08.798Z", "user": ["admin"], "content_type": ["blog", "blog"], "object_id": "4", "object_repr": "alsşdlsşf", "action_flag": 2, "change_message": "[{\"changed\": {\"fields\": [\"Is active\"]}}]"}}, {"model": "admin.logentry", "pk": 56, "fields": {"action_time": "2023-02-01T10:53:13.472Z", "user": ["admin"], "content_type": ["blog", "blog"], "object_id": "1", "object_repr": "first test blog", "action_flag": 2, "change_message": "[{\"changed\": {\"fields\": [\"Is active\"]}}]"}}, {"model": "admin.logentry", "pk": 57, "fields": {"action_time": "2023-02-01T13:00:05.042Z", "user": ["admin"], "content_type": ["auth", "user"], "object_id": "2", "object_repr": "emre", "action_flag": 2, "change_message": "[{\"changed\": {\"fields\": [\"Groups\"]}}]"}}, {"model": "admin.logentry", "pk": 58, "fields": {"action_time": "2023-02-01T13:03:28.077Z", "user": ["admin"], "content_type": ["auth", "group"], "object_id": "3", "object_repr": "moderator", "action_flag": 1, "change_message": "[{\"added\": {}}]"}}, {"model": "admin.logentry", "pk": 59, "fields": {"action_time": "2023-02-01T13:04:41.440Z", "user": ["admin"], "content_type": ["auth", "group"], "object_id": "3", "object_repr": "moderator", "action_flag": 2, "change_message": "[{\"changed\": {\"fields\": [\"Permissions\"]}}]"}}, {"model": "admin.logentry", "pk": 60, "fields": {"action_time": "2023-02-01T13:05:18.033Z", "user": ["admin"], "content_type": ["auth", "user"], "object_id": "2", "object_repr": "emre", "action_flag": 2, "change_message": "[{\"changed\": {\"fields\": [\"password\"]}}]"}}, {"model": "admin.logentry", "pk": 61, "fields": {"action_time": "2023-02-01T13:05:44.091Z", "user": ["admin"], "content_type": ["auth", "user"], "object_id": "2", "object_repr": "emre", "action_flag": 2, "change_message": "[]"}}, {"model": "admin.logentry", "pk": 62, "fields": {"action_time": "2023-02-01T13:07:35.825Z", "user": ["admin"], "content_type": ["auth", "user"], "object_id": "2", "object_repr": "emre", "action_flag": 2, "change_message": "[{\"changed\": {\"fields\": [\"Staff status\"]}}]"}}, {"model": "admin.logentry", "pk": 63, "fields": {"action_time": "2023-02-01T13:08:02.781Z", "user": ["admin"], "content_type": ["auth", "user"], "object_id": "2", "object_repr": "emre", "action_flag": 2, "change_message": "[{\"changed\": {\"fields\": [\"Groups\"]}}]"}}, {"model": "admin.logentry", "pk": 64, "fields": {"action_time": "2023-02-01T13:08:22.588Z", "user": ["admin"], "content_type": ["auth", "user"], "object_id": "2", "object_repr": "emre", "action_flag": 2, "change_message": "[{\"changed\": {\"fields\": [\"Groups\"]}}]"}}, {"model": "admin.logentry", "pk": 65, "fields": {"action_time": "2023-02-01T13:08:51.883Z", "user": ["admin"], "content_type": ["auth", "user"], "object_id": "2", "object_repr": "emre", "action_flag": 2, "change_message": "[{\"changed\": {\"fields\": [\"User permissions\"]}}]"}}, {"model": "admin.logentry", "pk": 66, "fields": {"action_time": "2023-02-01T13:09:37.003Z", "user": ["admin"], "content_type": ["auth", "group"], "object_id": "3", "object_repr": "moderator", "action_flag": 2, "change_message": "[{\"changed\": {\"fields\": [\"Permissions\"]}}]"}}, {"model": "admin.logentry", "pk": 67, "fields": {"action_time": "2023-02-01T13:09:49.394Z", "user": ["emre"], "content_type": ["blog", "blog"], "object_id": "2", "object_repr": "Öğrenci indirimiyle dünyayı avantajlı şekilde keşfedin!", "action_flag": 2, "change_message": "[{\"changed\": {\"fields\": [\"Is active\"]}}]"}}, {"model": "admin.logentry", "pk": 68, "fields": {"action_time": "2023-02-01T13:09:53.354Z", "user": ["emre"], "content_type": ["blog", "blog"], "object_id": "2", "object_repr": "Öğrenci indirimiyle dünyayı avantajlı şekilde keşfedin!", "action_flag": 2, "change_message": "[{\"changed\": {\"fields\": [\"Is active\"]}}]"}}, {"model": "admin.logentry", "pk": 69, "fields": {"action_time": "2023-02-01T13:10:28.096Z", "user": ["admin"], "content_type": ["auth", "group"], "object_id": "3", "object_repr": "moderator", "action_flag": 2, "change_message": "[{\"changed\": {\"fields\": [\"Permissions\"]}}]"}}, {"model": "admin.logentry", "pk": 70, "fields": {"action_time": "2023-02-01T13:12:44.180Z", "user": ["admin"], "content_type": ["auth", "group"], "object_id": "3", "object_repr": "moderator", "action_flag": 2, "change_message": "[]"}}, {"model": "admin.logentry", "pk": 71, "fields": {"action_time": "2023-02-01T13:13:18.346Z", "user": ["admin"], "content_type": ["auth", "user"], "object_id": "2", "object_repr": "emre", "action_flag": 2, "change_message": "[{\"changed\": {\"fields\": [\"Superuser status\", \"Groups\", \"User permissions\"]}}]"}}, {"model": "admin.logentry", "pk": 72, "fields": {"action_time": "2023-02-01T13:13:27.109Z", "user": ["admin"], "content_type": ["auth", "user"], "object_id": "2", "object_repr": "emre", "action_flag": 2, "change_message": "[{\"changed\": {\"fields\": [\"Staff status\"]}}]"}}, {"model": "admin.logentry", "pk": 73, "fields": {"action_time": "2023-02-01T13:13:32.819Z", "user": ["admin"], "content_type": ["auth", "user"], "object_id": "2", "object_repr": "emre", "action_flag": 2, "change_message": "[{\"changed\": {\"fields\": [\"Staff status\"]}}]"}}, {"model": "admin.logentry", "pk": 74, "fields": {"action_time": "2023-02-03T21:32:32.373Z", "user": ["admin"], "content_type": ["blog", "blog"], "object_id": "1", "object_repr": "first test blog", "action_flag": 2, "change_message": "[{\"changed\": {\"fields\": [\"Description\"]}}]"}}, {"model": "admin.logentry", "pk": 75, "fields": {"action_time": "2023-02-03T21:35:42.969Z", "user": ["admin"], "content_type": ["blog", "blog"], "object_id": "4", "object_repr": "alsşdlsşf", "action_flag": 2, "change_message": "[{\"changed\": {\"fields\": [\"Is active\"]}}]"}}, {"model": "admin.logentry", "pk": 76, "fields": {"action_time": "2023-02-03T21:35:42.974Z", "user": ["admin"], "content_type": ["blog", "blog"], "object_id": "3", "object_repr": "alll", "action_flag": 2, "change_message": "[{\"changed\": {\"fields\": [\"Is active\"]}}]"}}, {"model": "admin.logentry", "pk": 77, "fields": {"action_time": "2023-02-03T21:35:42.977Z", "user": ["admin"], "content_type": ["blog", "blog"], "object_id": "2", "object_repr": "Öğrenci indirimiyle dünyayı avantajlı şekilde keşfedin!", "action_flag": 2, "change_message": "[{\"changed\": {\"fields\": [\"Is active\"]}}]"}}, {"model": "admin.logentry", "pk": 78, "fields": {"action_time": "2023-02-03T23:56:34.103Z", "user": ["admin"], "content_type": ["blog", "blog"], "object_id": "5", "object_repr": "DENEME", "action_flag": 1, "change_message": "[{\"added\": {}}]"}}, {"model": "admin.logentry", "pk": 79, "fields": {"action_time": "2023-02-03T23:58:09.830Z", "user": ["admin"], "content_type": ["blog", "blog"], "object_id": "4", "object_repr": "alsşdlsşf", "action_flag": 2, "change_message": "[{\"changed\": {\"fields\": [\"Is active\"]}}]"}}, {"model": "admin.logentry", "pk": 80, "fields": {"action_time": "2023-02-03T23:58:09.833Z", "user": ["admin"], "content_type": ["blog", "blog"], "object_id": "3", "object_repr": "alll", "action_flag": 2, "change_message": "[{\"changed\": {\"fields\": [\"Is active\"]}}]"}}, {"model": "admin.logentry", "pk": 81, "fields": {"action_time": "2023-02-03T23:58:09.835Z", "user": ["admin"], "content_type": ["blog", "blog"], "object_id": "2", "object_repr": "Öğrenci indirimiyle dünyayı avantajlı şekilde keşfedin!", "action_flag": 2, "change_message": "[{\"changed\": {\"fields\": [\"Is active\"]}}]"}}, {"model": "admin.logentry", "pk": 82, "fields": {"action_time": "2023-02-03T23:58:31.977Z", "user": ["admin"], "content_type": ["blog", "blog"], "object_id": "6", "object_repr": "DE", "action_flag": 1, "change_message": "[{\"added\": {}}]"}}, {"model": "admin.logentry", "pk": 83, "fields": {"action_time": "2023-02-03T23:59:28.542Z", "user": ["admin"], "content_type": ["blog", "blog"], "object_id": "7", "object_repr": "den", "action_flag": 1, "change_message": "[{\"added\": {}}]"}}, {"model": "admin.logentry", "pk": 84, "fields": {"action_time": "2023-02-04T00:00:18.537Z", "user": ["admin"], "content_type": ["blog", "blog"], "object_id": "7", "object_repr": "den", "action_flag": 2, "change_message": "[{\"changed\": {\"fields\": [\"Description\"]}}]"}}, {"model": "admin.logentry", "pk": 85, "fields": {"action_time": "2023-02-04T00:09:07.013Z", "user": ["admin"], "content_type": ["blog", "blog"], "object_id": "8", "object_repr": "aaaaaaa", "action_flag": 1, "change_message": "[{\"added\": {}}]"}}, {"model": "admin.logentry", "pk": 86, "fields": {"action_time": "2023-02-04T00:20:50.218Z", "user": ["admin"], "content_type": ["blog", "blog"], "object_id": "8", "object_repr": "aaaaaaa", "action_flag": 2, "change_message": "[{\"changed\": {\"fields\": [\"Description\"]}}]"}}]